15, 3891, 372, 58
31, -3754, -1642, 6
47, -3128, 2045, 36
63, 1559, -2908, 25
79, 3256, 5196, 48
95, -4423, -4341, 31
111, -1056, -307, 60
127, 768, -4909, 192
143, 5033, -323, 194
159, 7994, 3696, 429
175, 1565, -1693, 611
191, -1248, -1772, 582
207, 3863, -5861, 1373
223, 5146, -608, 2095
239, 2459, 1432, 2349
255, -5596, 57, 1527
271, -6848, 6156, 454
287, -5462, -5140, 486
303, -2620, -609, 482
319, -3937, -6910, 1270
335, -7205, -3354, 2112
351, -4743, 2939, 2103
367, 9748, 986, 1253
383, 1319, 2946, 852
399, 706, -10128, 2351
415, -2270, -1070, 2624
431, 1889, 2717, 2060
447, 3056, -405, 2095
463, -4284, 5216, 1337
479, 1809, 240, 1257
495, 797, -1064, 1395
511, -5502, 801, 1468
527, 1497, 3599, 943
543, -4997, 34, 1252
559, -1206, -511, 1414
575, -1336, 2147, 1313
591, 7194, 4898, 389
607, 2781, 281, 273
623, -981, 1213, 234
639, 1633, 2792, 81
655, 3112, 5260, 9
671, -2920, 13, 31
687, 1515, 2310, 58
703, -2911, -9238, 169
719, 902, -4055, 377
735, 693, 217, 348
751, 1375, -2154, 502
767, 3797, 6836, 113
783, 680, 268, 121
799, 2326, -2134, 294
815, -3207, 1368, 127
831, -1658, 4636, 5
847, 3370, -1042, 83
863, -2660, 4865, 55
879, -996, -870, 25
895, -670, -1611, 2
911, 1433, -3351, 32
927, -579, 1308, 8
943, -1264, 9930, 293
959, -1953, -1079, 244
975, 3993, -3434, 80
991, -1088, 1253, 117
1007, -1288, 115, 121
1023, -2500, 1904, 253
1039, 7115, 1815, 393
1055, 4491, -1071, 534
1071, 3617, -2765, 673
1087, -4564, -167, 324
1103, 802, -3946, 272
1119, -1200, -2789, 201
1135, 4066, 3697, 498
1151, 8393, -1726, 1465
1167, 4244, -6751, 2312
1183, 6643, -7044, 4210
1199, 3365, -270, 5063
1215, -2197, -3545, 4927
1231, -776, 1728, 4529
1247, 5254, 4938, 5387
1263, -6603, 2041, 3588
1279, -106, -6654, 4156
1295, -1398, -5771, 4637
1311, 5854, 2803, 5605
1327, 1109, 5337, 5274
1343, -3403, 929, 4324
1359, 4635, -3914, 5930
1375, -7524, 2283, 3815
1391, -2917, -6600, 4046
1407, -1342, -6572, 4953
1423, -4146, -6044, 5607
1439, -1222, 4623, 4357
1455, 4980, 3392, 4497
1471, 2207, -2482, 5409
1487, 2410, 624, 5786
1503, -2271, -2025, 5733
1519, -3671, -741, 5208
1535, 3750, -183, 5952
1551, 1026, -2186, 5450
1567, 387, 1748, 5733
1583, -1260, 5075, 6680
1599, -4427, 5153, 3284
1615, -1479, 7442, 2377
1631, 1565, -1880, 3376
1647, 2299, 583, 4276
1663, -1604, 2615, 3170
1679, -7180, -3080, 504
1695, 5671, -3287, 458
1711, 4057, -3992, 522
1727, 6030, 4370, 480
1743, 4526, 470, 492
1759, 621, -2115, 245
1775, 5512, -6765, 24
1791, -5471, -1846, 121
1807, -529, 6795, 2675
1823, 5085, 6243, 4368
1839, 5450, 1408, 5984
1855, -1397, 622, 10141
1871, 960, -911, 23367
1887, -1432, -394, 19683
1903, -3664, -6124, 7767
1919, 3435, -5367, 8254
1935, 6406, 2092, 14738
1951, 2111, 741, 28616
1967, -1579, 1151, 26077
1983, -4635, -3668, 17934
1999, -4198, 1545, 24925
2015, 673, 878, 29690
2031, 2887, 3459, 33467
2047, -10519, 2115, 26242
2063, -3036, -1152, 11698
2079, -3146, -5952, 13825
2095, 3755, 7930, 16937
2111, 1620, -5895, 16280
2127, -2316, 1508, 12431
2143, 2893, 123, 6996
2159, 1418, 1867, 12295
2175, -2025, 2959, 7969
2191, 4272, 3917, 12567
2207, 6895, 6595, 12261
2223, 4335, -3247, 12204
2239, 2196, -784, 9658
2255, 1339, 6214, 2043
2271, -783, 91, 878
2287, 2716, -319, 524
2303, 4163, 3996, 222
2319, -3747, -1914, 3026
2335, -4625, 30, 444
2351, 3266, -1972, 1096
2367, -116, -2402, 3095
2383, 2551, -6754, 15761
2399, 1079, -820, 19851
2415, 8194, 1023, 13187
2431, -3459, -2056, 13358
2447, -3395, -1584, 20451
2463, 2848, 2355, 33756
2479, 2502, 246, 34117
2495, 6443, 1197, 30570
2511, -1256, -641, 39813
2527, -4164, -1052, 45619
2543, -3820, -1356, 49782
2559, 1915, 8241, 59295
2575, -607, 3960, 28454
2591, 7907, 5907, 35811
2607, 1663, -3513, 29789
2623, 4716, -6241, 32570
2639, -1406, 4345, 18905
2655, -999, -3068, 9413
2671, 3350, -1674, 18165
2687, -4355, 876, 6732
2703, -5630, 3907, 4818
2719, -8506, 3205, 4108
2735, -1275, 1706, 5238
2751, 1902, 2786, 5632
2767, -3395, 2385, 15491
2783, 1785, -2464, 18166
2799, 5234, -1594, 12692
2815, 1346, 7967, 21160
2831, 6922, -4108, 13584
2847, 1862, -2698, 15003
2863, -3698, 1858, 9247
2879, -5644, -2516, 8342
2895, -3439, -1514, 20753
2911, -8249, -2069, 7573
2927, -2799, 1988, 15165
2943, 4884, -1381, 21749
2959, -2798, -1969, 52931
2975, 5459, -2943, 64521
2991, 4876, -2101, 54527
3007, 2185, -826, 35620
3023, -5094, -301, 32885
3039, -7831, 3207, 47098
3055, 3797, 3451, 54114
3071, -3617, 4854, 55129
3087, -151, 3723, 28338
3103, -2845, 2171, 29066
3119, 1411, -7718, 22772
3135, 4738, 1101, 26478
3151, 1352, 2900, 24343
3167, -2031, 1128, 4697
3183, 5203, 3754, 8315
3199, 4431, 3315, 7959
3215, -2098, 10203, 13749
3231, 2550, 4566, 1787
3247, 1100, 1296, 1279
3263, 4822, 1178, 2577
3279, -1538, 840, 4908
3295, -210, -809, 4797
3311, 1397, -6795, 7096
3327, -2949, -652, 11193
3343, -6045, 5062, 11811
3359, -4957, 3065, 17557
3375, 4503, -1716, 10636
3391, 8352, 2320, 13671
3407, -5293, -3247, 25675
3423, -670, 3541, 8574
3439, -182, -742, 21638
3455, 1833, 8691, 63393
3471, -4242, 5079, 74470
3487, -2164, -402, 36678
3503, -3464, 3982, 19896
3519, -727, 3749, 23145
3535, -3118, 4413, 32437
3551, -381, 6339, 43083
3567, -2894, -739, 26306
3583, -2944, -1094, 22964
3599, -1853, 3696, 21183
3615, -2985, 1268, 55790
3631, -2622, 215, 52236
3647, -4034, -2864, 76631
3663, 3453, -9581, 82999
3679, 4743, -6262, 79652
3695, 3478, -4799, 24015
3711, 49, -5523, 6322
3727, 5145, -2311, 11984
3743, 5303, 2153, 14409
3759, -3228, -2787, 34738
3775, -9164, 1764, 34260
3791, 5472, -2183, 15293
3807, 1463, -185, 19267
3823, -3462, 2321, 33554
3839, -477, 980, 45270
3855, -2059, 1190, 30146
3871, 1130, -28, 18024
3887, 5367, 1454, 27420
3903, 1336, -1191, 21706
3919, -8278, -6765, 57053
3935, 2279, -269, 39700
3951, 1295, 4507, 52313
3967, -1840, -4573, 59739
3983, -4718, -8430, 42695
3999, -1548, -144, 19806
4015, 5474, 5227, 7723
4031, -149, 1780, 20112
4047, 1572, 5257, 34376
4063, 264, -3992, 50440
4079, -1680, -7898, 49356
4095, 6007, -4900, 26249
4111, 1085, -6500, 16435
4127, -2326, -788, 12702
4143, 869, -2794, 13754
4159, 276, -2041, 5745
4175, 3984, -2622, 16563
4191, 1224, 1651, 6872
4207, 1865, -5074, 19500
4223, -4601, -3197, 44842
4239, 5751, -7904, 91145
4255, -343, 513, 91006
4271, -2479, 2518, 82499
4287, 3899, 2810, 103406
4303, 5061, -3178, 95439
4319, -678, -166, 89975
4335, -6579, -6968, 74367
4351, 2444, -6452, 85091
4367, 3347, -4906, 94409
4383, -1200, 751, 94221
4399, -2132, 3422, 76087
4415, -2064, 1670, 62189
4431, -959, 2525, 24846
4447, -4867, 2158, 10811
4463, 1512, 4732, 7554
4479, 1836, -4487, 7683
4495, 7749, -2617, 21838
4511, 403, -229, 61219
4527, 3802, 2725, 62242
4543, 6541, 657, 52103
4559, 6039, -3154, 42965
4575, 2923, -3599, 24399
4591, -1130, -3776, 3247
4607, 1638, -5826, 3256
4623, -5018, -3519, 10550
4639, -6514, -5137, 6963
4655, 5583, 1302, 5104
4671, 3333, 3252, 8068
4687, -376, -1681, 8914
4703, -4310, 9289, 5493
4719, 5120, 2121, 1873
4735, -2101, 1261, 1236
4751, -2651, 5340, 6798
4767, 6558, 2033, 34357
4783, 7649, 2942, 30907
4799, -2722, -8703, 24480
4815, 4573, -2231, 62046
4831, -923, 6315, 37489
4847, -3124, -3036, 17250
4863, -2977, -590, 8398
4879, -819, 2330, 1846
4895, 10612, 3534, 4159
4911, 3261, 2454, 11830
4927, 6788, 923, 39992
4943, 991, -3653, 35863
4959, 5555, -4594, 40182
4975, -952, 2170, 47224
4991, 6044, -1523, 60569
5007, 6657, -2586, 98010
5023, 2852, 1545, 79151
5039, -2474, 3438, 72960
5055, -6367, -1670, 65991
5071, -3456, 890, 42318
5087, 2587, 2151, 81253
5103, -1611, -910, 79050
5119, -4660, -3014, 92262
5135, 1916, 593, 123101
5151, 9066, 6627, 112441
5167, 1682, 847, 95976
5183, 1772, 1491, 83511
5199, 5679, 2175, 92681
5215, -3391, 1443, 62529
5231, -5903, 3472, 40866
5247, -4930, -6329, 32198
5263, -2812, 3366, 26270
5279, 1436, 5646, 34100
5295, 2073, 313, 53501
5311, -2309, -3597, 90133
5327, 4916, 2492, 80406
5343, 152, 8048, 42710
5359, 6323, -2385, 37305
5375, -3998, -442, 45466
5391, -4843, 4620, 26065
5407, 2502, -692, 26891
5423, 4609, 1378, 21127
5439, -919, -752, 11495
5455, 3211, -2526, 33169
5471, 1265, 1029, 49987
5487, 6456, 1743, 79597
5503, 3078, 1142, 54210
5519, 3223, 5218, 38366
5535, -4808, 6471, 16513
5551, -3269, 6708, 10201
5567, 9995, -1257, 21473
5583, 6949, -4951, 20003
5599, 737, -6129, 16493
5615, 7775, -2793, 34912
5631, 4212, -4014, 25082
5647, -6179, -1576, 55557
5663, -1509, -2729, 88090
5679, 775, 6752, 122637
5695, -4247, 6375, 144085
5711, -239, -11, 108892
5727, -2555, 466, 83893
5743, -2185, -1338, 61264
5759, -5622, -3583, 84573
5775, 1597, 242, 102440
5791, 4428, -2360, 95773
5807, -994, -1792, 103943
5823, 158, -3093, 58723
5839, -1911, -3354, 42042
5855, 1175, 5894, 75624
5871, -1338, -1998, 124303
5887, 1270, -1095, 82649
5903, 4790, -255, 62611
5919, 2623, -763, 31570
5935, -2877, -2011, 23411
5951, 3231, -2781, 4592
5967, -911, -4474, 15683
5983, -328, 1190, 10580
5999, 2301, 176, 34825
6015, 580, -3906, 52456
6031, 4521, -578, 105481
6047, -655, 2976, 116280
6063, -1280, -975, 118218
6079, 7577, -4017, 124686
6095, -1869, 3928, 120526
6111, -4660, 7602, 92448
6127, -1422, 173, 53708
6143, -5249, -51, 48455
6159, 2571, 4253, 30799
6175, -2876, -1935, 15268
6191, -137, 293, 23304
6207, 505, 2847, 30189
6223, -1873, 211, 9892
6239, 1952, -681, 29087
6255, -5263, 3412, 52239
6271, 2943, 6278, 83603
6287, -306, -5311, 54710
6303, -5216, 3322, 35655
6319, -4125, 4488, 39559
6335, 1665, 4737, 83936
6351, -6146, 4149, 124391
6367, 25, 811, 91435
6383, -815, 909, 50324
6399, -1171, 3687, 86685
6415, 599, 3189, 83658
6431, -2633, -4091, 86753
6447, -2345, -2664, 64818
6463, -2768, 3730, 72659
6479, -1463, 3740, 130429
6495, -440, -2384, 122213
6511, -1690, 135, 44062
6527, 1195, 1955, 9429
6543, 600, 988, 17067
6559, 1164, -9377, 19753
6575, 1195, -3601, 14655
6591, -572, 5140, 19212
6607, 3224, 1388, 154
6623, 4484, -4086, 762
6639, -641, 2064, 5608
6655, 730, -4234, 29605
6671, 687, -695, 35912
6687, 2485, 6653, 22147
6703, 1765, -6385, 30327
6719, -5900, -4164, 10907
6735, 746, 1604, 45391
6751, 2603, 5472, 29405
6767, 1028, 6386, 29775
6783, -2316, 1781, 16348
6799, 965, -8328, 4264
6815, -3730, -230, 16311
6831, 749, -7830, 30381
6847, 11546, -5093, 29075
6863, 5306, -3328, 4492
6879, 3011, -3789, 14304
6895, 5022, 507, 19024
6911, 2717, 2956, 30453
6927, -6831, 6258, 53558
6943, 3594, 854, 36191
6959, 3665, 4305, 70887
6975, -190, 1684, 68559
6991, -6039, -4502, 109277
7007, -439, -3819, 63439
7023, 138, -1004, 45618
7039, 563, 8390, 30316
7055, 734, -399, 3484
7071, 7863, -541, 8227
7087, -304, -1351, 28817
7103, 2003, 3752, 44489
7119, 3826, 4582, 45066
7135, 9092, 610, 15351
7151, -1599, -4305, 8679
7167, 6042, -3579, 12904
7183, -8055, -2153, 4813
7199, 6861, 8657, 8257
7215, 4440, 4330, 2667
7231, 1367, -638, 19528
7247, -2006, -835, 21912
7263, 1951, 2903, 33665
7279, 2696, -3425, 60437
7295, 1521, -230, 76261
7311, -1240, 6373, 89857
7327, -875, 1089, 69942
7343, 1272, 1373, 69023
7359, -2004, 1095, 190814
7375, 721, 8284, 200767
7391, 5492, 2707, 165571
7407, 463, 360, 187894
7423, 3527, 3766, 174986
7439, -978, 5677, 188965
7455, 652, 1270, 172942
7471, -3671, 1343, 177908
7487, -3079, 3829, 132716
7503, -3168, 3374, 90274
7519, 6472, 3578, 84473
7535, 13570, -2436, 90646
7551, 3118, -7597, 71485
7567, 5363, -1468, 48704
7583, 525, 2167, 17388
7599, 6378, 4799, 26803
7615, 3121, 2870, 1785
7631, 883, 3168, 1858
7647, 2340, -3341, 11973
7663, 2538, -215, 33771
7679, 4339, -2849, 52232
7695, 986, 2799, 55307
7711, 427, -187, 47457
7727, 1617, -3941, 42727
7743, 4585, 1350, 33473
7759, 608, 10677, 46805
7775, 3434, -247, 74212
7791, 6461, -1108, 72951
7807, 3527, 3054, 93216
7823, 3920, -2387, 160554
7839, 2424, 2028, 191156
7855, -5087, -1350, 209929
7871, -2838, 4611, 161565
7887, -2985, 729, 174414
7903, 546, -1560, 111148
7919, -2171, 4782, 125295
7935, -271, 1368, 195976
7951, 1854, 1390, 191287
7967, -4487, 768, 135899
7983, 5488, 1099, 133819
7999, 2185, 2307, 171316
8015, 2356, -9339, 170018
8031, -1040, 668, 168542
8047, -10664, 3274, 151297
8063, -1261, -3739, 135475
8079, 9946, 8275, 74834
8095, -4306, -4687, 89343
8111, -3541, -1810, 79578
8127, 494, -3113, 148842
8143, 4822, 4653, 148156
8159, -926, 7828, 207980
8175, 1973, -486, 152232
8191, 4605, -945, 124767
8207, -479, -1809, 200561
8223, -6813, -197, 215169
8239, -9164, 7686, 138108
8255, -5429, -2265, 84251
8271, -2387, -4076, 64161
8287, 1261, -3161, 38812
8303, 1738, -3727, 53852
8319, 1582, -4422, 77522
8335, 6068, 2450, 166489
8351, -2141, 2903, 117925
8367, 315, 5647, 96139
8383, 939, 4205, 91982
8399, -2645, 913, 104836
8415, 464, 2270, 144550
8431, 577, 2039, 140273
8447, 4683, 1048, 104861
8463, 40, 2846, 73305
8479, -4447, 4076, 35920
8495, -512, 4635, 37943
8511, 1120, 3583, 23073
8527, 2335, 3345, 24429
8543, -1929, 954, 49040
8559, 6029, -249, 69613
8575, -155, 5664, 93869
8591, -2079, -8513, 64200
8607, -922, -3288, 98712
8623, 3352, -3292, 83257
8639, 774, -2016, 40437
8655, -4793, -6874, 29322
8671, 2108, -4565, 36336
8687, 13223, 3023, 19937
8703, 4449, 988, 45323
8719, -2397, 3998, 53149
8735, -4388, -2723, 24442
8751, 4327, 796, 8042
8767, 2313, -6845, 27071
8783, -4113, 26, 12148
8799, -133, -7935, 3374
8815, 8896, 384, 9774
8831, -6465, 3449, 7892
8847, -4721, 1714, 6836
8863, 401, 6062, 56262
8879, 593, -4998, 57504
8895, -6064, -1131, 31067
8911, -2820, 1867, 30395
8927, -2783, 2855, 11702
8943, -1985, -37, 16706
8959, 208, -1004, 54137
8975, -1723, -1443, 41509
8991, -3891, -343, 25106
9007, -3003, -230, 67850
9023, -4652, 2822, 135384
9039, -6468, -7363, 157128
9055, -2825, -7516, 152035
9071, 3944, 5773, 59199
9087, -5744, -5038, 73562
9103, 3702, -3853, 94963
9119, -1160, 4309, 26625
9135, 795, 1479, 27876
9151, -1356, 1820, 18246
9167, -2056, 313, 33626
9183, -5296, 2871, 48684
9199, 3972, 867, 70741
9215, -11514, 932, 81001
9231, -875, 1710, 58688
9247, -279, 6551, 30415
9263, -6615, 2247, 99610
9279, 2294, -2470, 188643
9295, 1945, 734, 161932
9311, -2462, 2158, 227957
9327, 1413, 4532, 192804
9343, 2646, 7832, 208312
9359, 1876, -1457, 209398
9375, -4700, -7974, 103610
9391, 2086, 5737, 53467
9407, -4141, 80, 64114
9423, -2160, -4955, 16194
9439, 364, -604, 14615
9455, -4180, 5781, 27389
9471, -5693, -1051, 2993
9487, -4725, 424, 12713
9503, -3201, 1102, 9426
9519, 2966, 2468, 1880
9535, 5959, 3858, 585
9551, 1641, 2586, 10225
9567, -6258, -4618, 3488
9583, -6638, -2274, 27236
9599, 4722, -2202, 27746
9615, 2921, 5048, 9754
9631, -2795, -477, 20721
9647, 7603, -4333, 42075
9663, 5153, 1967, 59113
9679, 1294, 713, 74026
9695, 756, 1530, 151583
9711, 8867, 306, 179096
9727, 3997, 6426, 139866
9743, -1173, -1140, 85781
9759, 3009, 1888, 110577
9775, 3129, -4200, 156195
9791, -3801, -2669, 213957
9807, -1480, 4941, 175777
9823, 4573, 1511, 132794
9839, 10116, 654, 99258
9855, -1779, -749, 51106
9871, 1800, 2780, 52371
9887, 7960, -2791, 43677
9903, 4169, -1893, 37576
9919, 7883, -1677, 60195
9935, 1305, -8019, 19054
9951, -2377, -7598, 7737
9967, -2588, -4752, 8789
9983, 4721, 4066, 14691
9999, 2565, 2759, 10555
10015, -3205, 302, 24569
10031, 588, -3027, 24225
10047, 2177, -148, 48146
10063, 3884, -6398, 11180
10079, 2247, -4699, 55038
10095, -6974, -1670, 64623
10111, -4824, 531, 64787
10127, 6976, 4177, 68700
10143, 2203, 3051, 111739
10159, -4160, -6156, 63364
10175, -168, -905, 39027
10191, 8948, 3075, 55861
10207, 4021, 7914, 61613
10223, -6152, 4450, 52679
10239, 3676, 1364, 58842
10255, 2478, 43, 41126
10271, 2048, -1549, 16203
10287, 4870, 504, 15792
10303, -6892, -2770, 42534
10319, -4342, -3886, 25080
10335, -9893, -1072, 117835
10351, 135, -2065, 169644
10367, 1206, 4926, 154816
10383, -1684, -3315, 173326
10399, -1601, 7015, 147613
10415, -2506, -1346, 174837
10431, 1593, 8645, 146198
10447, 1767, 12155, 165533
10463, -5718, 4898, 138991
10479, 676, -2920, 114675
10495, 5280, 1151, 121373
10511, 10617, -618, 141118
10527, 3572, -3139, 113462
10543, 1156, -6280, 58009
10559, -3037, -2868, 40142
10575, 6240, 787, 57758
10591, 5684, -5381, 118783
10607, -8137, -3093, 213911
10623, 1234, 1568, 237149
10639, 3849, 7443, 261991
10655, -4548, 6473, 253155
10671, -474, -1515, 192809
10687, -3248, 6444, 197555
10703, -4577, 573, 152371
10719, -1328, -2118, 152030
10735, 9654, -316, 69002
10751, 799, 143, 102275
10767, -530, 3498, 161083
10783, -1501, -4697, 247443
10799, -727, -1926, 215415
10815, 4898, 729, 183328
10831, 329, 6360, 209596
10847, 2083, 338, 114599
10863, 4958, 673, 19459
10879, 3156, -5905, 11370
10895, -8817, 2504, 30840
10911, 1354, 4929, 19238
10927, 5144, -2165, 28283
10943, -1873, -1558, 33698
10959, -4577, -83, 39052
10975, -770, 756, 29856
10991, 1025, 6831, 34327
11007, 3302, 3609, 6301
11023, -3685, -734, 1761
11039, -1408, -1493, 2285
11055, -7611, 2015, 3953
11071, 2669, 2589, 9573
11087, 2941, 1843, 7381
11103, 5427, 1530, 383
11119, 3148, -1835, 10594
11135, 5610, 1580, 53908
11151, -3226, -470, 120386
11167, -5564, -1142, 73777
11183, 3554, -6048, 135871
11199, 3371, -3855, 151190
11215, 8019, -2667, 254646
11231, -1728, -7171, 266938
11247, 2984, 911, 193792
11263, 2326, -1577, 97340
11279, 221, -4974, 67307
11295, 720, -432, 99147
11311, 5562, -5121, 109203
11327, 3307, 1371, 220027
11343, -2542, -5424, 207098
11359, -4889, 3426, 208122
11375, 2868, -3384, 115432
11391, 7248, 1264, 57174
11407, 19, 2693, 45839
11423, -176, 3509, 44919
11439, -658, -5760, 33314
11455, -4698, 327, 38690
11471, 4827, 1961, 11210
11487, 486, -962, 4735
11503, -3656, -5719, 28066
11519, -3368, -226, 26488
11535, -921, -924, 31750
11551, -5283, 303, 28079
11567, -4427, 5057, 25860
11583, 1485, -3264, 14829
11599, -5518, -866, 44957
11615, -2429, 219, 55305
11631, 6834, 6239, 148279
11647, -2413, 1745, 152975
11663, 2045, 6512, 115872
11679, -1606, 2118, 168965
11695, -3295, 3078, 141946
11711, -550, 4449, 150282
11727, 395, 8287, 199068
11743, 2472, 3355, 212021
11759, -95, -2429, 149800
11775, 1629, 7671, 130483
11791, -9304, -4949, 51186
11807, -1138, 7576, 27863
11823, -3204, 1154, 89677
11839, 2607, -2069, 137362
11855, 2288, 795, 169657
11871, -120, 4123, 221995
11887, -1869, 3445, 165389
11903, -6952, -1497, 177825
11919, -3977, 12, 157450
11935, -3178, 2824, 80299
11951, -1606, 2123, 58642
11967, -2178, 5565, 72545
11983, -4530, 6349, 14545
11999, -1853, -2742, 2180
12015, -2301, -2413, 5029
12031, 298, -6656, 14092
12047, -713, -4793, 9745
12063, -4656, 5549, 4604
12079, -1844, 2521, 81175
12095, 3246, 2988, 131047
12111, 8891, -410, 196439
12127, 3777, 4332, 172522
12143, -12790, 2141, 160715
12159, -3042, -192, 138118
12175, 2839, -1197, 93542
12191, 2743, 3502, 52141
12207, 1665, 2533, 82915
12223, -75, 8651, 155055
12239, -1508, -587, 125666
12255, 986, 2968, 68976
12271, -214, -3530, 60757
12287, -2027, 2953, 38151
12303, -525, 5857, 7239
12319, 3103, 1354, 11073
12335, -3774, 340, 21318
12351, -1651, 5126, 18765
12367, 2925, 1238, 5653
12383, 4407, 4217, 29470
12399, -2640, -4514, 38756
12415, -1035, -1615, 45585
12431, -3728, -5785, 17877
12447, 906, 945, 20658
12463, -3835, -658, 5245
12479, 2058, -1074, 7684
12495, 344, 7159, 9454
12511, 7556, 251, 6307
12527, 7038, 7063, 50651
12543, 4780, 10722, 41043
12559, -2887, 2198, 63583
12575, -4709, -57, 37308
12591, -1152, -726, 97738
12607, 4140, -1295, 146629
12623, -505, 2176, 151000
12639, -5481, 3906, 127956
12655, 4498, 2262, 259545
12671, -2483, -3715, 304232
12687, 9181, -5560, 377018
12703, -913, -6411, 499724
12719, -10074, 375, 435373
12735, -5871, 6322, 395978
12751, -720, 3412, 340734
12767, -631, 1434, 348602
12783, -58, -285, 253386
12799, 615, 3257, 417752
12815, 1635, 2956, 308807
12831, 2241, 5737, 345992
12847, -6313, -3273, 269539
12863, -1699, -7962, 254156
12879, 3082, -486, 158001
12895, 3159, -1606, 144371
12911, -9177, 1283, 34605
12927, -1829, -1743, 3842
12943, 316, -3667, 13077
12959, 3967, -464, 7549
12975, 5091, 317, 10581
12991, -4705, -1112, 32220
13007, -4516, 4927, 46536
13023, 1149, 3691, 105775
13039, -4006, 1385, 199237
13055, 450, 743, 236606
13071, -842, 6123, 208748
13087, -1514, -3308, 306388
13103, -5328, -770, 217453
13119, 769, -4887, 203967
13135, 2200, -2781, 153848
13151, -666, -196, 191289
13167, 3519, 7161, 218769
13183, 4, 1647, 127339
13199, -2823, 2304, 61732
13215, 3848, 1848, 65993
13231, -1962, -4806, 34302
13247, 3793, -1704, 13844
13263, 3130, -1328, 10094
13279, 5477, -5806, 25015
13295, 2702, 2057, 56841
13311, 680, -2104, 27730
13327, 9759, -627, 109743
13343, -2288, -1542, 71245
13359, -3840, 2068, 127960
13375, -2309, 4023, 119817
13391, -907, -1319, 208076
13407, 10236, 470, 158136
13423, -2468, 47, 106018
13439, 3322, 1858, 241805
13455, 6712, 5362, 240025
13471, 5674, 3822, 312574
13487, 857, 863, 489807
13503, 2078, -1209, 653774
13519, -458, 3186, 751021
13535, -537, 2658, 530151
13551, -6636, 984, 461250
13567, 307, 1741, 463722
13583, -487, -2140, 321884
13599, -6049, 585, 264332
13615, -6832, 2802, 159647
13631, -9338, -1534, 222066
13647, 3358, 2525, 235562
13663, 5389, 1708, 241087
13679, 3492, 5840, 254436
13695, -2093, 1894, 229388
13711, -5928, -686, 363282
13727, -1900, 1068, 247795
13743, -1480, 2168, 102082
13759, 5955, 1850, 53364
13775, 2756, -4987, 14765
13791, 6366, -1225, 21440
13807, 1321, -685, 15721
13823, -5520, 1455, 11803
13839, -6437, 891, 15136
13855, -1261, 919, 43773
13871, 4103, -4066, 91503
13887, 6864, 4146, 88966
13903, 2188, -6081, 58260
13919, 2093, -2068, 26983
13935, 8736, -3287, 23945
13951, -7210, -2146, 15298
13967, -5301, 4456, 189
13983, 2492, 3230, 3836
13999, -9452, 7940, 46321
14015, -1394, -2106, 15227
14031, 100, -852, 7132
14047, 2707, -3256, 5651
14063, 2835, -3617, 17398
14079, 3990, -1446, 14903
14095, 4685, 7179, 14967
14111, 5577, -951, 3569
14127, 2566, -1676, 1387
14143, 827, 4935, 6756
14159, -1014, -7721, 125
14175, -4554, 2287, 8952
14191, 4814, 2881, 59424
14207, 5450, 4139, 20539
14223, -183, 1648, 89496
14239, 697, 10068, 70164
14255, 3420, 977, 84561
14271, 4211, 121, 108453
14287, -2843, 647, 134196
14303, 3406, -10652, 94301
14319, -4015, -2164, 112893
14335, 2732, 6688, 85658
14351, -1574, -2776, 19232
14367, -1309, 802, 7711
14383, 2986, 4267, 1250
14399, 3169, 572, 8557
14415, -3661, -307, 12577
14431, 2828, -8185, 27440
14447, 2959, -1321, 11044
14463, -1958, 6139, 35104
14479, 5012, -2043, 43987
14495, 50, 6379, 72856
14511, 4772, -3631, 97733
14527, 8310, -2441, 81105
14543, -334, -7871, 101294
14559, 3255, 1667, 123434
14575, 4928, 981, 184495
14591, -2218, -7170, 186438
14607, 2530, -752, 145069
14623, 39, 3207, 118213
14639, 600, 7384, 136149
14655, -2860, 1147, 111994
14671, -913, 4058, 11852
14687, -1850, -4180, 7174
14703, -1034, -5006, 10056
14719, -2407, 2664, 61882
14735, -5989, -1546, 114692
14751, -3821, -471, 112558
14767, 3480, 3184, 49855
14783, -5651, 4179, 15935
14799, 2282, 9193, 9516
14815, 3749, -1992, 1105
14831, 14382, -7198, 19952
14847, -1882, 490, 16660
14863, 2707, -3734, 6149
14879, 4165, -7940, 3834
14895, 2514, 3817, 8063
14911, 910, -6270, 13582
14927, -252, -2004, 4333
14943, 1862, 1493, 21002
14959, -6885, 517, 36245
14975, -3368, -964, 181779
14991, 3768, -9118, 101322
15007, -3235, 9, 62749
15023, 3046, 1514, 12508
15039, -2824, -2477, 8525
15055, 1935, -939, 24325
15071, 2402, -2151, 36425
15087, -741, -3036, 18793
15103, -4437, -1289, 59046
15119, 3303, -7349, 62224
15135, 2723, -3096, 61144
15151, -942, -3788, 101844
15167, 656, -3877, 128859
15183, 3994, -192, 278255
15199, -538, 2496, 398930
15215, -3164, -1291, 263693
15231, 861, -2432, 344553
15247, 374, 5172, 190315
15263, -3, -5805, 159609
15279, -8408, -2847, 219139
15295, -2695, 6717, 161865
15311, -74, -3223, 117482
15327, -1309, 1489, 114919
15343, -3178, 681, 99188
15359, 1571, 264, 218454
15375, -6125, 1064, 150456
15391, -2349, -2069, 114883
15407, 4972, -76, 97539
15423, -3900, 1316, 69992
15439, -3718, -7947, 3041
15455, 462, -3394, 4072
15471, -6220, -2608, 122732
15487, -3966, -204, 108571
15503, -3071, 6869, 39569
15519, 2711, 3834, 26581
15535, 1144, 4252, 70249
15551, -2892, 8731, 235836
15567, 4528, 675, 243320
15583, 7252, 5718, 175384
15599, 3006, 1475, 194263
15615, -2385, 48, 225421
15631, -2608, 8621, 261523
15647, -1307, -2135, 402584
15663, 2718, -4062, 259121
15679, -599, 2368, 265256
15695, -1664, -9153, 540208
15711, -5499, -4637, 659796
15727, -8069, 979, 538602
15743, 456, -4244, 445378
15759, 4527, -3140, 484039
15775, 357, -2321, 389717
15791, 3079, 57, 273293
15807, -4112, -231, 136111
15823, -367, 5803, 85521
15839, 3643, 5810, 94829
15855, 3817, -1767, 36428
15871, -1175, 1186, 60337
15887, 1778, 1364, 85151
15903, -4897, -3323, 108270
15919, -2221, 2603, 91401
15935, -7416, -4918, 58595
15951, -450, 2631, 62298
15967, -1755, 3149, 51365
15983, -5554, -301, 152690
15999, -4165, -6686, 155987
16015, 212, -1807, 273145
16031, 179, -890, 316165
16047, 3764, -4533, 210983
16063, -2776, -919, 125150
16079, 2872, 7871, 35679
16095, 3109, 1007, 57194
16111, -941, -4699, 64566
16127, 2043, 2590, 67645
16143, 1769, -3011, 91177
16159, -3026, -1009, 201463
16175, 2670, -1076, 250901
16191, -2493, 7221, 228011
16207, -5044, 1413, 284521
16223, -4243, 5176, 191253
16239, -4711, 1525, 152564
16255, 715, -2242, 79176
16271, -4112, 3200, 37129
16287, 835, -1793, 43908
16303, 3856, 2018, 27719
16319, -239, 2474, 45486
16335, 871, -963, 118361
16351, -6887, -1022, 86776
16367, -2874, -1488, 105474
16383, 2430, -4327, 83534
16399, -3747, 3260, 14550
16415, 8022, 3641, 9798
16431, -2574, -8367, 30882
16447, -3234, 1696, 30859
16463, 6995, -4419, 33826
16479, -411, 3317, 50526
16495, 1713, -2948, 70896
16511, 3485, 2124, 53161
16527, 1696, 5922, 74631
16543, -2686, 985, 46888
16559, 1323, 50, 88035
16575, 4437, -1531, 269717
16591, -2369, -948, 530900
16607, 1860, 2503, 398466
16623, 1495, -3969, 551963
16639, 1141, 1531, 583692
16655, -3804, -5842, 720025
16671, 6943, -3662, 824492
16687, 3825, -2283, 819750
16703, 4211, 1844, 624565
16719, 4666, -2854, 634593
16735, -1850, 5834, 606589
16751, 4454, 6248, 524555
16767, 9897, -1616, 694829
16783, -5186, 2160, 841424
16799, -3527, 5104, 958140
16815, 6198, -84, 650309
16831, 745, -2400, 537378
16847, 2068, 4537, 432376
16863, -465, 8219, 575034
16879, -4363, 1758, 490853
16895, 5699, -9263, 415644
16911, -6175, -4016, 395635
16927, 3147, -660, 269561
16943, -265, -1801, 151200
16959, 4584, 5314, 252654
16975, 4296, 2495, 160316
16991, 1655, -1092, 85551
17007, -562, 2488, 60379
17023, -1340, 4240, 52713
17039, 3212, 159, 16616
17055, -2274, -77, 12459
17071, -1446, -3465, 9038
17087, -914, 162, 12942
17103, -1984, -1117, 1887
17119, 3161, 4377, 95036
17135, 4017, 86, 161238
17151, 5150, -2260, 217393
17167, 949, -3200, 301534
17183, -835, -4578, 346105
17199, 4949, -968, 293868
17215, 5081, -3137, 356743
17231, -1979, 5834, 213614
17247, -2335, -2705, 155088
17263, -430, -3596, 123255
17279, -1549, -2175, 101220
17295, 1332, -795, 77726
17311, 2873, 2604, 75238
17327, 599, 7864, 81929
17343, -1308, -3674, 96157
17359, -1683, -804, 90288
17375, 3330, -3604, 45495
17391, 929, -1768, 3549
17407, -3001, 5802, 11974
17423, -115, 5128, 1623
17439, -707, 2831, 12949
17455, -2864, 2198, 70032
17471, 3088, 3090, 128509
17487, 6615, -2695, 85804
17503, 6418, -6784, 120762
17519, -501, 3497, 123209
17535, 1514, 5143, 46637
17551, -390, 3041, 16118
17567, 5290, 3018, 33280
17583, -5965, -3750, 36115
17599, -1785, -3797, 4521
17615, 3044, -27, 11464
17631, -2545, -317, 31802
17647, -2207, -5800, 10123
17663, -1013, 28, 3717
17679, 4053, -3611, 3274
17695, -3930, 802, 10638
17711, -2729, -947, 2510
17727, 3377, -3203, 1254
17743, 4447, 3972, 22399
17759, 3209, 6738, 54070
17775, 331, 3708, 50203
17791, 2310, -4857, 42361
17807, 3774, 535, 65386
17823, -1080, 1629, 127345
17839, -3469, 3205, 188644
17855, -5827, 4337, 208685
17871, 6688, -2718, 146093
17887, 1432, 3468, 95093
17903, -5473, 4726, 40798
17919, 2614, 2704, 43350
17935, 2440, -1007, 123614
17951, 3430, -4496, 104263
17967, -3633, -1141, 105771
17983, -2114, -3203, 270471
17999, -7068, -4680, 186412
18015, -9692, 3818, 219173
18031, 1349, 2366, 192972
18047, -4897, -2195, 217997
18063, 3365, -4849, 269019
18079, 4437, 685, 344903
18095, -6619, 852, 280259
18111, 609, 3523, 296702
18127, 3048, -3292, 275324
18143, 11135, -3562, 225439
18159, 2140, -5235, 209827
18175, 5162, -946, 323169
18191, -1519, -1027, 337722
18207, -2990, 482, 349976
18223, -2982, -4827, 279637
18239, 5450, 1307, 74491
18255, 4592, 1750, 79409
18271, 2466, 463, 65594
18287, -50, -254, 89637
18303, 7997, 6670, 63285
18319, 7372, 4285, 79267
18335, 3227, -5915, 79588
18351, -1367, -354, 13880
18367, 3439, 5306, 52045
18383, 229, -699, 72156
18399, 3140, -4392, 61228
18415, 2050, -6150, 76687
18431, -3714, 4854, 61601
18447, 7178, -2645, 78186
18463, -1764, 2221, 36160
18479, 7251, -2935, 124625
18495, -526, -485, 152355
18511, 4523, -1872, 101721
18527, -1552, 8301, 43458
18543, -4413, -1212, 13955
18559, -2510, -269, 11643
18575, -3965, 581, 12973
18591, -31, -1055, 17953
18607, -234, -5202, 1471
18623, -10309, -4861, 14705
18639, -4307, -6328, 24581
18655, -4919, -7817, 57817
18671, -1282, 558, 12777
18687, -6228, -5298, 3853
18703, 1584, 934, 13034
18719, -1252, 313, 7109
18735, 2868, 1501, 30594
18751, 1231, -2260, 43945
18767, -2022, -6913, 11337
18783, -2113, -3639, 17678
18799, -1728, -3569, 7182
18815, 1557, -1934, 11645
18831, 8234, -1208, 13943
18847, 3673, -204, 51934
18863, 3084, 944, 50951
18879, 4396, -4494, 52510
18895, -2409, 302, 100680
18911, -2291, -4160, 135418
18927, 650, -1668, 102436
18943, -4941, -1240, 15989
18959, -4439, 2761, 71939
18975, -1117, 148, 184591
18991, -4381, 7237, 143440
19007, 1144, 2111, 84390
19023, 2168, -5537, 55225
19039, 3060, 1942, 67635
19055, -5206, 37, 52471
19071, 1382, 2836, 130218
19087, 6444, 1122, 127883
19103, 3750, 2859, 138221
19119, -3829, 5678, 194665
19135, -3143, -1534, 197792
19151, -3620, -3451, 237952
19167, 5126, -210, 229719
19183, -5670, 3637, 157420
19199, 4807, -7334, 310944
19215, 5222, -4803, 292721
19231, 389, -7926, 143826
19247, 319, -9683, 246649
19263, -58, 6925, 172697
19279, 6950, 7671, 164480
19295, -1929, -3394, 186550
19311, -4483, 5943, 160732
19327, -4766, 2172, 42504
19343, 5826, 7828, 3301
19359, -2146, -2313, 9181
19375, -2865, 9318, 13428
19391, 5132, -2971, 10858
19407, -1511, 1201, 10381
19423, -3185, 2914, 750
19439, -2322, 1831, 2510
19455, 3354, -5140, 35823
19471, -4078, -3844, 92172
19487, -1479, -3532, 102623
19503, -2243, 6382, 77740
19519, -1390, -1552, 43063
19535, 365, 24, 46103
19551, -1180, 7117, 75969
19567, -3568, 453, 120126
19583, 5041, 337, 154464
19599, 536, -190, 112220
19615, -4172, 5812, 224197
19631, -4552, -581, 233526
19647, -1529, 439, 279860
19663, -883, -1360, 113460
19679, -4817, -1656, 42986
19695, -4046, -5413, 19196
19711, 4251, -1333, 15329
19727, -1487, -2159, 10087
19743, 4774, -454, 2884
19759, 4530, 162, 3270
19775, -3692, -3007, 14923
19791, -1202, -876, 14962
19807, -1076, 2286, 72662
19823, 2915, 654, 62169
19839, 2429, 5025, 94237
19855, -5370, 8774, 86486
19871, -1868, -5776, 51994
19887, -1106, -2704, 104345
19903, -1424, 1301, 125608
19919, -315, 1131, 170274
19935, 5738, -3918, 279035
19951, -83, -3455, 399204
19967, 4060, -1248, 267429
19983, 1902, -834, 306625
19999, 2044, 1948, 387576
20015, 4436, 4792, 340471
20031, 3751, 3937, 321337
20047, -3754, -2796, 233252
20063, -491, -1221, 100469
20079, -10900, 4410, 268763
20095, -1592, -219, 286126
20111, -1799, 1644, 235660
20127, 207, -1772, 239720
20143, -1313, -2876, 156114
20159, 4211, -1456, 52709
20175, 1695, -11872, 23819
20191, 1061, 415, 7491
20207, -2623, -2253, 1259
20223, 4439, -1204, 5315
20239, 2769, -6545, 5126
20255, -7186, -3557, 387
20271, -7562, -1507, 1557
20287, -1521, 1463, 17336
20303, -3562, 784, 10441
20319, -1462, -5297, 35431
20335, 1451, 1199, 51325
20351, -2386, 5230, 116869
20367, 8359, 2514, 218063
20383, 3326, -1925, 93382
20399, 10127, 1008, 143841
20415, -2268, 4623, 246728
20431, 1121, -4469, 254859
20447, -3990, -3679, 265218
20463, -776, -2734, 265033
20479, 4456, -311, 196349
20495, 2593, 3902, 49605
20511, 4636, 3749, 28245
20527, -5231, -798, 87119
20543, 334, -1091, 113882
20559, 8127, 672, 61704
20575, 1385, -3675, 11745
20591, -5063, 4635, 3507
20607, 193, 4272, 21306
20623, -1475, -4971, 150193
20639, 2799, -269, 83400
20655, -7, -41, 157527
20671, -1694, 3735, 212377
20687, -6622, -4101, 251585
20703, 1283, -4204, 178725
20719, 2017, -1956, 209221
20735, -1519, 5032, 109081
20751, -214, -558, 106058
20767, 2970, -323, 81876
20783, 5140, -5731, 106604
20799, 3501, -10, 183377
20815, -7041, -3965, 91142
20831, -1889, -1249, 34513
20847, -2395, 7461, 26840
20863, 4113, 2037, 19822
20879, 833, 1279, 4901
20895, 621, -3112, 7438
20911, -55, -8736, 37195
20927, 3601, 1356, 121538
20943, -2787, 4702, 228297
20959, -2318, 821, 180173
20975, -1448, 106, 286284
20991, -5499, 2204, 309366
21007, -1041, -3483, 378780
21023, -6833, -2035, 425875
21039, 4816, -6314, 470235
21055, -5232, 1936, 382165
21071, 6194, -5141, 382884
21087, 4372, 1685, 617837
21103, -3724, -5580, 666908
21119, 3265, -349, 763599
21135, 263, 830, 510820
21151, -7554, -1270, 563790
21167, 3626, -4660, 509608
21183, -6028, -124, 348380
21199, 2686, 1912, 264264
21215, -2164, -2414, 317294
21231, 1970, 11492, 226161
21247, -3208, 3460, 166376
21263, 3875, 267, 142583
21279, -1426, 2557, 53460
21295, -3911, -2709, 49942
21311, 3827, 5167, 50021
21327, -1378, 4200, 79282
21343, -3032, 549, 15952
21359, 649, 6042, 440
21375, -1406, 954, 26076
21391, 3316, 107, 19866
21407, -7064, -7047, 31349
21423, -5669, 1485, 86241
21439, 10910, -2102, 104389
21455, -3702, -219, 156406
21471, -3733, -5130, 167214
21487, 413, -3449, 120696
21503, -3964, 3555, 189284
21519, 9124, 3033, 218574
21535, -7841, 178, 290224
21551, 3546, -3508, 255313
21567, -367, -6559, 218300
21583, 1881, 3225, 127650
21599, 3007, 5209, 198385
21615, 3287, -1422, 185464
21631, -587, -5672, 177606
21647, 4164, -2087, 142938
21663, -1818, -4645, 172304
21679, 5532, -646, 253096
21695, 149, 5625, 201398
21711, -5047, -682, 155180
21727, -2834, 8705, 75236
21743, 636, -8239, 108476
21759, 7506, -3620, 145974
21775, 8355, -8669, 113464
21791, 11, -2105, 129283
21807, -1711, 6754, 161410
21823, -1344, 4576, 123480
21839, -5435, -6248, 19515
21855, 1032, -5969, 11334
21871, 4144, -5472, 30910
21887, -3927, 9268, 6831
21903, 2751, 3261, 48436
21919, -226, 4587, 22581
21935, 692, -4680, 57450
21951, 4734, -882, 88244
21967, -6804, -2225, 119452
21983, -433, -4635, 89963
21999, -5068, 6437, 79059
22015, 2673, 1565, 55039
22031, -2809, 482, 43666
22047, -4384, -2404, 41740
22063, -2047, 1298, 103403
22079, -2080, -5780, 67895
22095, -4957, -2566, 82885
22111, -1567, 3630, 164916
22127, -4021, -5168, 126298
22143, 1221, 143, 138327
22159, -4312, 3426, 35685
22175, -7238, 183, 47955
22191, 6624, 6447, 23390
22207, 1393, 5487, 10868
22223, -7945, -347, 28077
22239, 2835, -5020, 34885
22255, 2294, 4166, 63002
22271, 4017, 963, 137991
22287, 7036, 2793, 95531
22303, 3911, -1533, 40545
22319, 3020, -3692, 44754
22335, -435, -1079, 32204
22351, 2444, -454, 6524
22367, 1707, -2833, 33151
22383, 3731, -1629, 34737
22399, 7154, 923, 32371
22415, 11061, 1089, 16649
22431, -2057, -9722, 30291
22447, -4137, -2973, 33991
22463, -2568, 1572, 27847
22479, 3947, -3553, 51734
22495, 1287, -4233, 105440
22511, -3964, -4927, 188313
22527, -7447, 6213, 227544
22543, -3082, 2277, 255660
22559, 3499, 4488, 267956
22575, 997, 4020, 317040
22591, 6426, -3662, 335899
22607, -1398, 1646, 398668
22623, 402, -7256, 473550
22639, -175, -8345, 550760
22655, 8960, -3169, 508827
22671, -901, -9537, 453949
22687, 2222, 8, 424776
22703, -1528, 5664, 285280
22719, 5083, 5370, 265921
22735, 352, -444, 150622
22751, -3969, 1146, 92850
22767, 1664, -2026, 14920
22783, 1024, 4121, 8173
22799, 4921, 1615, 2428
22815, -3677, 5859, 1142
22831, 557, -4340, 5123
22847, -3611, -3139, 29694
22863, -4149, 7358, 15426
22879, 2257, 5743, 30430
22895, 8523, 9796, 97083
22911, 2135, 2096, 155277
22927, -2851, -2984, 304274
22943, -656, -5116, 392607
22959, 2619, 4961, 361557
22975, -4138, 5113, 398335
22991, -2358, -2035, 424671
23007, 4188, -1422, 475743
23023, 4537, 3949, 439451
23039, -1136, -2739, 307442
23055, 6264, 3127, 362506
23071, -6967, -5074, 392976
23087, -776, -2209, 302205
23103, 2546, 143, 292512
23119, -7891, 3652, 205068
23135, -1044, 6030, 160750
23151, -7358, 124, 120738
23167, -5420, 73, 42508
23183, -1022, -6169, 8224
23199, 3468, -1461, 19542
23215, -4696, -3279, 26509
23231, -2819, -3050, 63805
23247, -924, -1106, 72389
23263, -4475, -3588, 139393
23279, 2900, 5729, 136584
23295, 30, -3790, 204373
23311, -3267, 2662, 214490
23327, 1167, -3104, 211297
23343, -1924, 3348, 329148
23359, -5357, 145, 388385
23375, 883, -691, 552312
23391, 2435, -4741, 561923
23407, -466, -3283, 711681
23423, -4550, 840, 792406
23439, 2826, 4134, 638319
23455, -1741, 361, 462717
23471, 395, -7750, 432477
23487, -3663, 558, 261609
23503, -2557, 533, 183439
23519, 720, -1620, 164039
23535, 3308, -3537, 261935
23551, 2273, 4328, 337086
23567, 534, 4225, 214911
23583, 1576, 338, 98239
23599, 1154, 47, 91604
23615, 6378, 251, 160675
23631, -613, -291, 303399
23647, -1965, -123, 379462
23663, -1137, -552, 330781
23679, 1288, -3430, 272593
23695, 67, 5272, 264237
23711, 1626, -4882, 223939
23727, 608, -8342, 234186
23743, 4411, -2561, 90552
23759, -5330, 2033, 168032
23775, -2297, -5517, 84485
23791, -1295, -1, 55448
23807, 2900, 1722, 83754
23823, 1156, 2073, 219245
23839, 1369, 5223, 319387
23855, 1820, 2492, 260642
23871, 81, 3816, 183827
23887, 4986, 3175, 173174
23903, -1707, -1229, 93490
23919, 3025, -5511, 62713
23935, -947, -7038, 52185
23951, -2219, 2796, 134918
23967, 4127, 579, 133775
23983, 457, 642, 71782
23999, -1738, -3228, 44143
24015, 3473, -2074, 27106
24031, 1300, -4582, 15555
24047, 133, -1864, 37428
24063, -894, -3464, 23552
24079, 2651, -3259, 91927
24095, -2336, -5206, 48874
24111, -5058, 2761, 21150
24127, 4885, 2765, 35345
24143, -2824, 371, 95250
24159, -6488, -3288, 114377
24175, 1982, 4393, 117480
24191, 1189, -2154, 118901
24207, -3955, 2578, 179109
24223, 3623, 1027, 109782
24239, 4260, 1861, 82983
24255, 1716, 499, 55884
24271, 1799, 1927, 46466
24287, -1896, -290, 3400
24303, -4079, 4483, 8450
24319, 2805, 6997, 32521
24335, 3590, 3391, 51219
24351, 952, 5231, 44831
24367, -7658, 5912, 30892
24383, -448, 6950, 5590
24399, 1674, 5438, 21329
24415, 4364, 83, 35472
24431, -2590, 983, 61467
24447, 3659, -529, 94800
24463, -1040, 1128, 207917
24479, -155, 447, 142726
24495, -4084, 5899, 82584
24511, -1177, 3291, 125226
24527, 2772, 4756, 136329
24543, 4047, 1733, 198307
24559, 498, 2967, 353155
24575, 702, 7583, 372332
24591, 7570, 4386, 321980
24607, -1851, -1257, 227428
24623, -2197, -2256, 186161
24639, 967, 3370, 178511
24655, -441, 340, 338427
24671, -3110, -1466, 432731
24687, -1987, 1992, 397734
24703, 3464, 4875, 451210
24719, -1383, -3438, 489021
24735, -8943, 1936, 487389
24751, 2573, -897, 356876
24767, 1637, -3857, 235128
24783, -7153, -1745, 244631
24799, -1878, -5213, 287930
24815, 1604, 1602, 238092
24831, 2164, 786, 232686
24847, 3325, 607, 246938
24863, 3393, -197, 250536
24879, -567, -5228, 247409
24895, -6203, 8031, 181951
24911, -1872, -568, 111893
24927, 7240, -1615, 128461
24943, 408, 4247, 47472
24959, 3884, -4379, 32480
24975, -1573, -1106, 74227
24991, -3781, 399, 43390
25007, -2560, -2295, 446
25023, 5045, 2872, 99
25039, 2967, -3803, 10857
25055, -1739, 3616, 39960
25071, 3085, 3352, 165228
25087, 4093, 2563, 110144
25103, 3315, -703, 97679
25119, 330, 826, 76928
25135, 2761, -4604, 78199
25151, 8254, -4607, 80204
25167, -204, -3851, 73008
25183, -1088, 780, 47199
25199, -2019, -3305, 95135
25215, 3652, 4079, 76644
25231, 2256, 4449, 21110
25247, -3434, -1126, 30363
25263, -1962, -4448, 55393
25279, 2870, -82, 54532
25295, -1273, -1814, 46757
25311, -3059, 1515, 40709
25327, 1094, -1733, 87349
25343, 6644, -273, 72489
25359, 6983, -4638, 22333
25375, 6556, 3065, 17395
25391, -2313, 2381, 12845
25407, 317, -3844, 3880
25423, 6296, -6903, 649
25439, 214, -2144, 16245
25455, -1257, -920, 25474
25471, 7995, 3642, 59734
25487, -5146, 5755, 43084
25503, 4460, -3670, 163678
25519, -3718, 2581, 100766
25535, -3971, 1825, 78927
25551, -1532, 3057, 40787
25567, 2160, -1137, 20776
25583, 2831, -5097, 6013
25599, 4594, 1414, 23254
25615, -2760, -2708, 30447
25631, 1078, -4427, 47691
25647, -2662, -6730, 87989
25663, -4783, 4345, 27026
25679, 3235, 1909, 28553
25695, 57, 5939, 21113
25711, 4180, 4996, 42046
25727, -1668, -688, 29867
25743, -2170, -2964, 11170
25759, -1480, 1480, 11731
25775, 1140, -3117, 3118
25791, -5218, -77, 3688
25807, 3362, 1485, 6411
25823, -1312, -2099, 11303
25839, -3448, 1404, 1628
25855, -1736, 5678, 585
25871, -1093, -6477, 17328
25887, -6738, -2009, 58549
25903, 2048, 6500, 100862
25919, -9305, 9215, 98707
25935, 2053, 5994, 309328
25951, 4695, 2638, 441278
25967, 1064, -2527, 412828
25983, -1658, -6223, 492187
25999, 3534, -2475, 324918
26015, -4515, -21, 274972
26031, 4987, -6392, 315648
26047, 7442, 3472, 276949
26063, -1662, 7880, 280943
26079, -592, -7403, 319980
26095, -1944, 3624, 372136
26111, -2699, -3890, 409450
26127, -995, 3542, 283595
26143, 1001, -121, 252061
26159, 7824, -3746, 254087
26175, -1012, -5565, 394101
26191, -2507, 1970, 217605
26207, -3501, -115, 158747
26223, -2351, -2156, 163756
26239, -1140, -6054, 145406
26255, 4144, 554, 132654
26271, -1631, -6701, 138071
26287, 2547, -5048, 62649
26303, 1868, 9032, 104407
26319, 156, -102, 74737
26335, 3196, 5328, 32983
26351, 3509, 1200, 7654
26367, 6389, -2339, 13698
26383, 4272, 1164, 8314
26399, 2121, -1094, 41769
26415, 264, -2027, 85051
26431, -2008, 1211, 196178
26447, -1509, 4955, 193917
26463, -3109, -2300, 155965
26479, -10105, 562, 106866
26495, -6410, -1762, 62896
26511, -2759, -1166, 113081
26527, -4032, -4450, 109256
26543, -2643, 3729, 130239
26559, -4104, -2215, 379208
26575, 1275, -209, 339081
26591, -3790, 3203, 260756
26607, -2466, 4864, 306548
26623, 501, 2117, 361301
26639, -2025, -3463, 535747
26655, 681, 4683, 414115
26671, -2189, -2334, 351419
26687, -2552, 2911, 415034
26703, 6265, 6051, 285721
26719, 5167, 4023, 124767
26735, -2646, -3658, 244157
26751, -5843, -9934, 393105
26767, -7406, -4994, 322220
26783, -5231, -1062, 251358
26799, -6131, -2854, 128955
26815, -4610, 1868, 55389
26831, -5222, -2259, 23131
26847, -1155, -3343, 22821
26863, 490, 3589, 1981
26879, 8559, 3608, 2064
26895, 5107, -1239, 35142
26911, 11829, 2507, 7666
26927, 2636, -6760, 66
26943, 3423, 3801, 14109
26959, 2016, -2010, 9650
26975, -1193, 3873, 3972
26991, -2765, 234, 10683
27007, -6122, 4448, 22727
27023, -3746, 2999, 29152
27039, 2411, -6458, 52605
27055, -633, -5122, 102715
27071, -4216, -1541, 110562
27087, -2664, 4268, 150193
27103, 6429, -913, 127332
27119, 117, -987, 73075
27135, -6380, 2273, 98225
27151, 965, -2698, 83266
27167, 5735, -709, 59433
27183, 2231, 4200, 65070
27199, 3212, -1361, 38511
27215, -710, 1673, 27681
27231, -4127, 1061, 73543
27247, -780, 1356, 68167
27263, -2025, -1483, 136060
27279, -185, -2307, 141783
27295, 1411, -1594, 204872
27311, 4656, -384, 116781
27327, 2804, 2612, 76801
27343, 5070, -2683, 66275
27359, -5129, -3918, 18045
27375, -60, 969, 24722
27391, -6917, 2054, 47402
27407, -2154, 8446, 51971
27423, 2174, 1537, 34491
27439, 64, 6784, 19198
27455, 10092, 2505, 10732
27471, -144, -989, 8368
27487, 6843, -1470, 26114
27503, 791, 1858, 44817
27519, 2018, -913, 13713
27535, 4819, -383, 16436
27551, 848, -5369, 39336
27567, 680, -3115, 97491
27583, -758, -5511, 42215
27599, -5480, -3898, 50626
27615, -7807, -3876, 69558
27631, -3698, 5632, 57329
27647, -2653, 2106, 75476
27663, 256, 9257, 93994
27679, 5556, 6413, 58001
27695, -1609, 3032, 34250
27711, 131, 369, 61090
27727, -6518, 1089, 88492
27743, 6418, 6133, 91831
27759, 851, -126, 114025
27775, 4801, 1886, 138664
27791, -3211, 1209, 99940
27807, -9163, 4958, 57437
27823, -5089, 3434, 99910
27839, -3906, 5373, 90694
27855, -2555, 5036, 106400
27871, -6537, -2842, 32254
27887, 7502, -1181, 28225
27903, 766, 4842, 19462
27919, -3437, 6780, 25748
27935, 295, -168, 12297
27951, -1237, -5125, 15237
27967, -4368, 3165, 23393
27983, 6954, 11231, 45438
27999, -1339, 3009, 745
28015, 3476, 801, 113
28031, 3008, 117, 25886
28047, -4899, 1662, 20707
28063, 2236, -1142, 21917
28079, -3844, -5248, 79146
28095, -985, 3369, 84676
28111, 1164, -772, 71697
28127, 5574, -746, 27634
28143, 4951, 7675, 77553
28159, -1963, 2296, 52204
28175, -786, -1177, 141405
28191, 6259, -2381, 162558
28207, 3347, -1954, 107730
28223, -4482, -3240, 39115
28239, -1810, 1302, 76800
28255, -6120, -938, 190874
28271, 3531, -3243, 227852
28287, 811, 2813, 107257
28303, 870, 1150, 74539
28319, 999, -1459, 114392
28335, -3476, -5546, 97911
28351, 6119, -9086, 153184
28367, -781, 383, 180725
28383, 1095, 8538, 161360
28399, -6296, -1851, 69061
28415, -2837, -872, 51533
28431, -1443, -3431, 7162
28447, -765, -4116, 17192
28463, 2007, -348, 13557
28479, -2618, -405, 14757
28495, -7309, 2306, 8615
28511, -6318, 488, 24396
28527, -157, 16, 22223
28543, 3239, 597, 9226
28559, -8764, 4850, 23021
28575, -10141, 2889, 48079
28591, 4665, -3186, 121244
28607, -6110, 2760, 223934
28623, -987, -1898, 283782
28639, -651, -4689, 180478
28655, 6436, -284, 80766
28671, 5207, -5072, 46932
28687, 3818, 668, 80973
28703, 6859, 2673, 11843
28719, -786, 3205, 66041
28735, 8224, 5720, 44756
28751, -6154, 6091, 5471
28767, -1619, -523, 1330
28783, -2496, 2147, 19070
28799, 2509, 1155, 17239
28815, -1434, -1862, 12157
28831, -1785, -6081, 18791
28847, 478, 625, 88601
28863, 2082, 4070, 131951
28879, -4892, 3500, 106862
28895, -10075, -2606, 55021
28911, -2374, -1829, 26265
28927, -8548, -6074, 1406
28943, -3068, -2750, 55369
28959, -4889, -2519, 89531
28975, 5853, -2392, 225876
28991, 4105, -5581, 207640
29007, -3130, 569, 147394
29023, 2827, 7758, 44551
29039, 8880, -787, 75076
29055, -5562, -1215, 76596
29071, -2306, 3404, 89212
29087, -2915, 1548, 89802
29103, 7171, 1840, 166291
29119, 3664, 574, 128919
29135, 4495, 3382, 104759
29151, 7619, 2095, 109115
29167, 9081, 715, 63852
29183, 3666, 4371, 25943
29199, -2199, 3745, 194
29215, 5239, -7806, 3064
29231, 805, -5893, 38437
29247, -402, -4645, 99915
29263, 4548, -6040, 68354
29279, 7800, -2113, 34452
29295, 3573, -1922, 8415
29311, -1625, -2985, 12869
29327, -4744, 4176, 84610
29343, 1976, 7085, 78855
29359, 1751, -3650, 73075
29375, -3606, -4826, 99050
29391, 5005, -5992, 143379
29407, 5281, 1583, 84848
29423, 3721, 4770, 108704
29439, 2003, -897, 103989
29455, 338, 5709, 92585
29471, -6464, -2785, 63001
29487, -7519, -82, 125127
29503, -848, 3618, 231226
29519, 133, 4460, 164692
29535, 4570, -3198, 120243
29551, 7625, -1659, 129027
29567, 3022, 1137, 86825
29583, 1327, 1216, 16348
29599, 2013, -5523, 44798
29615, 6972, 3878, 111221
29631, 5329, -242, 56094
29647, 2748, 2755, 3379
29663, 822, -3909, 30919
29679, -5424, 3594, 76771
29695, -3024, 108, 65701
29711, 6060, 898, 178309
29727, -2909, -494, 241471
29743, -1486, 2623, 323490
29759, -2706, 3676, 262807
29775, -2831, -3768, 140876
29791, 6946, -3945, 109755
29807, -3166, 1043, 57865
29823, 2458, 1503, 31620
29839, -1459, -2584, 5034
29855, 144, -579, 4019
29871, 3308, -2147, 39368
29887, 5429, -1069, 46452
29903, 4154, 1198, 23084
29919, 1615, 6736, 48983
29935, -2062, 8444, 51508
29951, 7839, 5397, 103003
29967, -2153, 8492, 154593
29983, 1732, 3922, 263706
29999, 469, -2364, 472334
30015, 717, 940, 396783
30031, -7128, 2740, 184687
30047, -7009, 6946, 134348
30063, -12571, -3284, 85314
30079, -6055, -2176, 65196
30095, 4741, -6095, 46644
30111, -7402, -3776, 51329
30127, -5229, 5036, 79023
30143, -497, -1874, 108137
30159, 1883, -1535, 133136
30175, -1681, 1096, 230873
30191, 2934, 4841, 255514
30207, -1715, -414, 207291
30223, -920, 1389, 263850
30239, 1204, -3105, 162394
30255, -2689, -1381, 136984
30271, 3599, 1549, 143684
30287, 210, -894, 127717
30303, -4417, -1938, 43158
30319, 1923, 4159, 16410
30335, 3440, -2671, 31651
30351, -3700, 627, 54638
30367, 1369, 1734, 64091
30383, 5831, -3288, 76327
30399, 3522, -1674, 34399
30415, 7052, 4999, 74465
30431, 5365, 4228, 123885
30447, -442, 899, 126156
30463, 514, 55, 44410
30479, 893, 324, 46529
30495, 202, -140, 61889
30511, -2284, 485, 35092
30527, -2603, -4193, 27340
30543, 73, -3440, 46032
30559, 7720, -996, 106244
30575, 3426, 5326, 89350
30591, -2413, 416, 68653
30607, -7896, -759, 27935
30623, -509, 3147, 14798
30639, 625, 1142, 5115
30655, -3675, -803, 1260
30671, 4944, -3414, 3826
30687, -804, -4803, 35627
30703, 2805, -1516, 88515
30719, 1950, 384, 109047
30735, -814, 2138, 89947
30751, 2464, 4000, 110737
30767, 2734, 2638, 87336
30783, 2232, 304, 39773
30799, 2061, -843, 74378
30815, 2126, 868, 130311
30831, -8899, 6599, 182192
30847, -1795, -3990, 160620
30863, -4037, -900, 165940
30879, -7822, -1682, 127358
30895, -2325, -4892, 135518
30911, -2357, -1693, 207148
30927, 2047, 4766, 273096
30943, 4743, -1402, 345309
30959, 3332, -3949, 333968
30975, -849, 1357, 333854
30991, 6526, 5995, 343095
31007, 1618, 5919, 339295
31023, 6738, -1819, 403721
31039, -4515, 11249, 236695
31055, 4401, -8624, 208818
31071, -2175, 1512, 142771
31087, -2658, -2534, 53654
31103, 372, 2393, 54670
31119, 2405, 2047, 40671
31135, 943, -3828, 90958
31151, -1145, -2262, 92415
31167, 7395, -703, 40273
31183, -977, 5510, 26240
31199, -7196, -1061, 39476
31215, -7144, 3302, 26021
31231, -1278, 3586, 21232
31247, 1177, -3643, 49232
31263, 4245, 210, 114651
31279, 4635, 508, 148178
31295, 8636, -3025, 100470
31311, -1352, 1125, 80862
31327, -5979, -7113, 109229
31343, 2998, -388, 48869
31359, 1718, 5675, 26354
31375, -2091, -2567, 3614
31391, -8158, -3814, 35066
31407, -2845, 4352, 38629
31423, -5756, -1858, 38370
31439, -2115, -57, 30809
31455, 1172, 2988, 52450
31471, -3391, 2233, 38233
31487, -4746, -1719, 19631
31503, -3080, -8260, 26158
31519, 988, -3916, 59107
31535, 1411, 671, 76880
31551, -1314, -2613, 83757
31567, 6816, -24, 58681
31583, 1782, -5670, 98679
31599, -1492, 1045, 40084
31615, -5589, 3231, 27420
31631, -290, -258, 39361
31647, -1511, -2287, 90690
31663, -4048, -782, 59274
31679, -297, 3219, 116536
31695, 1819, 408, 193720
31711, 1454, -7964, 293513
31727, 6189, -5290, 264037
31743, 704, -704, 279829
31759, 4113, -1202, 181937
31775, -358, 1872, 183919
31791, 2392, 5460, 122981
31807, -3022, -3087, 193573
31823, -3755, -3999, 171715
31839, -5854, -4092, 294327
31855, -5063, -3679, 184596
31871, -3576, 2423, 236874
31887, -6469, -4047, 143363
31903, 431, -3105, 161614
31919, 4417, 7171, 62536
31935, 4837, 1725, 39377
31951, 6056, 5879, 24996
31967, 62, -1598, 71540
31983, 1897, 3487, 113336
31999, 533, -1043, 117100
32015, -4788, 1697, 90924
32031, -2036, 4541, 100692
32047, 147, -3586, 96190
32063, 5286, 5421, 69019
32079, 1216, -753, 135331
32095, -4515, 3803, 235172
32111, 6407, -3964, 150004
32127, -5507, 785, 174276
32143, 66, 2775, 224298
32159, -211, 4292, 98119
32175, -4417, 1952, 97926
32191, -2548, 5623, 171417
32207, 1517, -973, 279869
32223, 2708, 679, 138996
32239, 3797, -3642, 57812
32255, 4671, 2030, 117704
32271, -744, 2291, 184304
32287, 1354, -439, 103736
32303, 4960, -4122, 77630
32319, -2184, -4071, 50263
32335, -7338, 1914, 6144
32351, -865, 4437, 2147
32367, -97, -4830, 3274
32383, -5683, 1352, 5605
32399, -3213, -731, 28506
32415, -781, -4813, 8526
32431, -3562, -684, 74544
32447, -1592, 105, 171984
32463, 5196, -8316, 164689
32479, 6782, 1211, 169524
32495, 362, 1571, 239437
32511, -3668, 509, 174334
32527, -556, -5866, 193452
32543, 1771, -650, 116768
32559, -3819, -2381, 160463
32575, 54, 309, 132249
32591, -68, 2906, 109563
32607, -4995, -2369, 121958
32623, 162, 608, 196578
32639, 11495, 718, 126210
32655, -968, -436, 183603
32671, -1280, -4912, 189587
32687, 4003, 277, 227464
32703, 2896, -4126, 241626
32719, -3369, 627, 343884
32735, 5157, -710, 211189
32751, 2875, -3954, 99659
32767, 2104, -8965, 116892
32783, 1246, -949, 184323
32799, 2669, 2321, 190862
32815, 5172, 5489, 88109
32831, 2933, -33, 143611
32847, -5486, -780, 197607
32863, -3362, -1210, 282739
32879, -2065, -2184, 307537
32895, -10782, -2858, 365250
32911, -1445, 12862, 403454
32927, -2297, 3770, 379420
32943, 2710, 122, 372310
32959, 4086, 2312, 307880
32975, -825, 790, 306053
32991, -7284, -1291, 390120
33007, 1943, -9147, 253069
33023, 4265, -1606, 365982
33039, 3198, 4158, 340733
33055, 7207, -3575, 333677
33071, 557, -1575, 228052
33087, -1631, 2205, 132989
33103, -1686, -227, 132540
33119, -2666, 9225, 163148
33135, 234, -274, 103176
33151, -9579, 6361, 25878
33167, -8380, -3418, 25646
33183, -5604, -1231, 44223
33199, 2729, 457, 5529
33215, -3322, 1150, 60147
33231, 5854, 3209, 137435
33247, 2657, -3985, 106628
33263, 432, -3159, 52926
33279, -3180, -1789, 173699
33295, -890, 3126, 179308
33311, -3576, 7782, 169960
33327, 3323, 4881, 97523
33343, -419, 2042, 49008
33359, -4053, 971, 119946
33375, 3374, -1474, 288786
33391, -1317, -2764, 287027
33407, -4931, -3222, 166078
33423, -2630, -4960, 106236
33439, 2537, 99, 175481
33455, -3804, 670, 129191
33471, 2661, 7497, 181129
33487, 435, -984, 144787
33503, -1415, 6785, 100248
33519, -1573, 410, 143252
33535, 560, 1238, 136949
33551, -2836, -1138, 134079
33567, -333, -947, 119982
33583, 4619, -1350, 80817
33599, 3226, -1140, 179791
33615, -937, -923, 92928
33631, 2191, -4881, 47268
33647, 2013, -4773, 21455
33663, -910, -1304, 19730
33679, -1662, -2937, 80098
33695, 2149, -4289, 122329
33711, 2567, -7104, 38231
33727, -6091, -9330, 125219
33743, 1710, -3187, 133348
33759, -7116, 5626, 120834
33775, -8687, 1017, 154946
33791, 5149, 2199, 145142
33807, 3988, -5519, 150189
33823, 4728, -9493, 93528
33839, 8089, -6318, 42904
33855, -4123, -6498, 205704
33871, -813, 396, 197745
33887, 1109, -4058, 198022
33903, 270, 747, 143955
33919, 1332, -1100, 68622
33935, 162, 1290, 163475
33951, -2348, 2828, 220460
33967, 4120, 2439, 30194
33983, 166, 2446, 64694
33999, 5329, 1957, 63583
34015, 2084, -7388, 66670
34031, -1393, -4298, 28399
34047, 7930, -4445, 17963
34063, -411, -4028, 14640
34079, 5979, -652, 3725
34095, 1077, 1382, 4282
34111, -5660, -2096, 21935
34127, -3204, -5139, 114778
34143, -2220, -985, 203227
34159, -4325, -4412, 236373
34175, 5038, -2861, 213973
34191, -2266, -2250, 318538
34207, -5691, 1615, 414023
34223, 7550, -2961, 179400
34239, 5862, -1703, 150065
34255, -195, -192, 85601
34271, 2135, 3542, 58140
34287, -197, -2291, 51807
34303, -729, -1351, 58983
34319, -1866, 5829, 40056
34335, 1391, 2266, 42844
34351, 25, 1246, 120463
34367, 1782, 2335, 94688
34383, 4410, 2063, 43357
34399, 5254, 2215, 1637
34415, -3242, 587, 67968
34431, -2784, 154, 108393
34447, 1883, -5903, 110773
34463, 1059, -3372, 111430
34479, -5029, -581, 72223
34495, 1120, 1203, 81400
34511, 7163, 670, 113628
34527, 3460, 1306, 169049
34543, -78, 906, 199890
34559, -2671, -3481, 175754
34575, -1273, 1748, 245826
34591, 119, 903, 216271
34607, -1901, -712, 335674
34623, -280, 5227, 442700
34639, -3220, -984, 268209
34655, -2802, 1314, 280036
34671, 3349, 616, 62396
34687, -4505, -134, 3478
34703, -1220, -1586, 6891
34719, -1232, -1405, 9570
34735, 7027, -8636, 62
34751, 1356, -2275, 21886
34767, -7342, -618, 39779
34783, 2420, 3796, 39927
34799, -6586, 1383, 74814
34815, -4607, 4160, 29094
34831, 1986, -4130, 46518
34847, -439, -2397, 76882
34863, -2539, 2015, 160010
34879, -2428, 163, 149077
34895, 4331, 2014, 223991
34911, 776, 5016, 169120
34927, 1135, 3279, 99310
34943, -5428, 5852, 25102
34959, -4362, 3528, 6003
34975, -2689, 1733, 22047
34991, -6459, 729, 4871
35007, -210, -3561, 43158
35023, 1053, 3131, 91441
35039, -2850, 3299, 46508
35055, 7986, -1338, 65493
35071, 810, 2848, 106358
35087, 1267, -7141, 145437
35103, -3452, 4790, 174990
35119, -3303, -2550, 161758
35135, 2773, 1533, 225942
35151, -1938, 586, 288194
35167, 7434, -5535, 300874
35183, -4006, -4115, 241942
35199, 1634, -5775, 209554
35215, 6730, -2446, 221172
35231, 7368, -2851, 288173
35247, 442, 2143, 195775
35263, -6519, -7120, 246636
35279, -1297, -1930, 120606
35295, -2956, -451, 46091
35311, -4402, 4482, 69047
35327, -209, -4699, 92108
35343, 4970, -4569, 59416
35359, 3424, 1335, 44491
35375, -5943, 805, 26596
35391, -339, 896, 33014
35407, 931, 1554, 28715
35423, -209, 7748, 45004
35439, 351, -8313, 29946
35455, 1643, -6326, 43340
35471, 3987, -541, 66887
35487, 427, 4180, 104390
35503, -5553, 1827, 204744
35519, -4698, -3710, 355984
35535, 2785, -3478, 349639
35551, 49, -6520, 408663
35567, -577, -2795, 529943
35583, 1744, -2234, 526225
35599, -2986, -548, 453591
35615, 1964, -2476, 385032
35631, -3604, 7276, 383538
35647, -2519, 3924, 379882
35663, -5924, 65, 412593
35679, -2312, 221, 417536
35695, 7367, -4283, 332109
35711, 2759, 1655, 480526
35727, 2952, 4916, 460465
35743, -499, 66, 353897
35759, -3936, -3911, 204578
35775, -3271, 1246, 83249
35791, -1244, -4799, 112414
35807, -4676, 2317, 62862
35823, -3802, -547, 56494
35839, -473, 4014, 106222
35855, 606, -404, 85057
35871, 164, 1447, 78965
35887, 3511, 2789, 46802
35903, 2534, 9019, 151227
35919, 7253, -5490, 309176
35935, 2661, -3978, 377286
35951, 3351, -4840, 380704
35967, -3260, 3532, 443590
35983, -5325, 554, 395652
35999, -303, 4723, 331997
36015, 144, 1256, 478789
36031, 1402, 1427, 400575
36047, 6660, 1844, 568217
36063, 5739, 860, 610541
36079, 5565, -2000, 603279
36095, -4243, -6410, 625489
36111, -3950, 3333, 472266
36127, 3594, -295, 364555
36143, 1993, 4226, 185731
36159, 3240, 3529, 220959
36175, 5624, 2129, 180851
36191, 774, 5334, 153837
36207, -4053, -3803, 146276
36223, 4030, -797, 190711
36239, 4956, -435, 179405
36255, -7846, 801, 206398
36271, 3158, 2899, 181708
36287, 2501, 4216, 289372
36303, -753, 6604, 187985
36319, -7020, 5736, 161873
36335, -2879, 1294, 166728
36351, -4272, -1179, 167223
36367, 3485, -358, 92396
36383, -3088, 6130, 109165
36399, 4187, -1357, 127041
36415, -2278, -264, 135945
36431, -7054, -4314, 96248
36447, 473, -3019, 23135
36463, -620, -5796, 100891
36479, 9213, 696, 103426
36495, -1151, 1141, 78850
36511, 2020, -1083, 95402
36527, 1554, -875, 98455
36543, 6333, 152, 191718
36559, 3745, -938, 304543
36575, -1761, -2095, 273569
36591, -35, -6372, 282534
36607, -4010, 585, 421126
36623, 4352, -7412, 385401
36639, -3506, -3936, 434616
36655, -1409, -873, 358697
36671, -1302, -5149, 267720
36687, 3595, -3161, 197386
36703, -4166, -36, 256328
36719, 2260, -6687, 249851
36735, 292, 3631, 209220
36751, -1897, 2667, 114225
36767, -6433, 1212, 162551
36783, 4364, -1224, 89230
36799, 738, 638, 11112
36815, 4610, 7909, 14941
36831, 1385, 5617, 77551
36847, -2095, 1519, 129520
36863, 5362, 1407, 101665
36879, -778, 3134, 60509
36895, 25, 1090, 36830
36911, -3696, -599, 100299
36927, 2419, -433, 119917
36943, 8356, -5423, 155467
36959, -201, 943, 199159
36975, -3832, 10165, 199750
36991, -104, 2580, 181774
37007, -3308, 5466, 142222
37023, 8167, 1117, 237585
37039, -3814, -4860, 220323
37055, -3520, -5907, 150083
37071, -957, -3456, 232601
37087, 2823, 2841, 208383
37103, 5645, -325, 151839
37119, 306, 4021, 67188
37135, -2520, -3073, 41209
37151, 3833, -8225, 44456
37167, -8017, -2769, 56450
37183, -346, -2554, 82182
37199, 5288, 4263, 47530
37215, -1404, -5274, 17418
37231, 1722, -1640, 4532
37247, 619, 2500, 773
37263, -3217, -139, 31161
37279, -1068, 1461, 12061
37295, 1048, 7135, 64467
37311, 1458, -5186, 87842
37327, 4200, 435, 40988
37343, -552, 1077, 26801
37359, 3096, -1708, 5917
37375, 2757, -3091, 9493
37391, -3422, 4170, 9891
37407, -1086, 9103, 66843
37423, -3433, 3941, 127539
37439, -2281, -53, 249159
37455, -1274, 4744, 260622
37471, -2135, -3336, 129165
37487, -1701, -1737, 82168
37503, -6523, 1246, 50160
37519, -5654, 234, 93236
37535, 3101, -2902, 63562
37551, 819, -5637, 138949
37567, -173, 715, 235731
37583, -3372, -823, 154551
37599, -7256, 740, 137169
37615, -2043, 161, 66284
37631, -9990, -10754, 85058
37647, -641, 649, 176964
37663, 2944, 1561, 189959
37679, 4451, -529, 187716
37695, 5005, 6598, 211859
37711, 892, 8398, 146299
37727, 2779, 1078, 103451
37743, 1354, -3587, 107621
37759, -4381, 196, 83473
37775, -2723, 7867, 54800
37791, -2503, 5756, 61275
37807, 3963, -1382, 70333
37823, -3492, -731, 28314
37839, 737, 3721, 21887
37855, 601, 2247, 20864
37871, -3503, -115, 599
